,track_id,bodypump_release_number,track_title,track_type_id,muscle_group,difficulty,enjoyment,Duration,song_duration_sec,total_reps,total_reps_pulses,sec_per_rep,total_intensity,sec_per_rep_normalized,total_intensity_modulated
0,10607,106,COCO'S MIRACLE (CLUB MIX),07,LUNGES,10,2,6:05,365.0,116.0,76.0,3.146551724137931,5770.0,1.0894065951373657,5296.461418312277
1,9608,96,ADDICTED TO A MEMORY,08,SHOULDERS,9,5,6:06,366.0,116.0,0.0,3.1551724137931036,7580.0,0.9721718164401641,7796.975670160809
2,10408,104,INTO DUST,08,SHOULDERS,9,3,,,,,,,,
3,11104,111,RESERVE,04,BACK,9,5,5:43,343.0,102.0,0.0,3.3627450980392157,5450.0,0.9173894109796773,5940.7705547636115
4,10507,105,HOW DO YOU FEEL RIGHT NOW,07,LUNGES,9,3,5:47,347.0,104.0,56.0,3.3365384615384617,6810.0,1.1551842536214239,5895.163458687317
5,11206,112,DIES IRAE,06,BICEPS,9,3,,,,,,,,
6,10604,106,SAY LESS,04,BACK,8,4,5:39,339.0,114.0,42.0,2.973684210526316,5080.0,0.8112498351198221,6261.942721072703
7,10706,107,CHURCH,06,BICEPS,9,2,5:02,302.0,118.0,60.0,2.559322033898305,7190.0,0.7521238273232,9559.596091496165
8,9806,98,VICTORIOUS,06,BICEPS,8,5,4:34,274.0,64.0,30.0,4.28125,3960.0,1.2581574702511231,3147.4597525614977
9,9906,99,EMPEROR'S NEW CLOTHES,06,BICEPS,8,5,4:51,291.0,115.0,64.0,2.5304347826086957,7540.0,0.7436345517599783,10139.389007886866
10,9607,96,PEANUT BUTTER JELLY,07,LUNGES,8,5,5:21,321.0,154.0,126.0,2.0844155844155843,8665.0,0.7216713036209741,12006.851258354742
11,11903,119,COME ALIVE,03,CHEST,8,5,6:25,385.0,128.0,24.0,3.0078125,6220.0,1.1032890743051729,5637.688385446234
12,10508,105,LEAN BACK,08,SHOULDERS,8,5,4:49,289.0,51.0,20.0,5.666666666666667,3065.0,1.7460134991074716,1755.4274360231286
13,8506,85,BLOW ME (ON LAST KISS),06,BICEPS,8,3,,,,,,,,
14,9307,93,1941,07,LUNGES,8,4,,,,,,,,
15,11006,110,MACHINE,06,BICEPS,8,3,,,,,,,,
16,11108,111,FOCUS,08,SHOULDERS,8,5,5:44,344.0,100.0,0.0,3.44,6130.0,1.0599329006346532,5783.384963642091
17,10605,106,TELL ME YOU LOVE ME,05,TRICEPS,8,5,4:59,299.0,117.0,36.0,2.5555555555555554,7200.0,0.9416523260807743,7646.134141639011
18,10407,104,RISE AND SHINE,07,LUNGES,8,4,,,,,,,,
19,9508,95,THREE DAYS GRACE - I AM MACHINE,08,SHOULDERS,8,4,5:17,317.0,112.0,0.0,2.830357142857143,6680.0,0.8720897256571456,7659.762296782503
20,10308,103,PARIS (LOUDPVCK REMIX),08,SHOULDERS,7,4,,,,,,,,
21,11207,112,PICA,07,LUNGES,8,4,,,,,,,,
22,11005,110,WOMAN LIKE ME,05,TRICEPS,8,5,,,,,,,,
23,9206,92,MISS JACKSON,06,BICEPS,6,3,,,,,,,,
24,10608,106,TRIBES,08,SHOULDERS,8,3,4:54,294.0,152.0,96.0,1.9342105263157894,9950.0,0.595969003952318,16695.49915182514
25,11105,111,HIGH HOPES,05,TRICEPS,8,4,5:49,349.0,182.0,48.0,1.9175824175824177,11505.0,0.7065766737266393,16282.733959104711
26,10908,109,BLAH BLAH BLAH,08,SHOULDERS,8,3,5:29,329.0,92.0,24.0,3.5760869565217392,6010.0,1.1018640176592547,5454.393558260797
27,11204,112,UCLA,04,BACK,8,5,,,,,,,,
28,12407,124,VOODOO (TIESTO REMIX),07,LUNGES,8,2,4:53,293.0,76.0,0.0,3.8552631578947367,4100.0,1.3347783473514343,3071.6710442115896
29,11702,117,NOTHING FOR FREE,02,SQUATS,8,5,5:22,322.0,162.0,72.0,1.9876543209876543,9020.0,0.6750222512591785,13362.52246970259
30,9803,98,FOCUS,03,CHEST,8,4,5:48,348.0,122.0,84.0,2.8524590163934427,6290.0,1.0463042053619251,6011.6359733298
31,11902,119,ALL YOU EVER WANTED,02,SQUATS,8,2,6:15,375.0,124.0,0.0,3.024193548387097,7120.0,1.02703871378469,6932.552691964685
32,11703,117,I HATE HOW MUCH I WANT YOU,03,CHEST,8,4,5:49,349.0,132.0,12.0,2.643939393939394,8025.0,0.9698175821991477,8274.75202274906
33,12304,123,FLATLINE,04,BACK,8,1,5:26,326.0,99.0,0.0,3.292929292929293,4915.0,0.8983429835938459,5471.18426899424
34,12402,124,WE'VE GOT US,02,SQUATS,8,2,5:40,340.0,136.0,0.0,2.5,7640.0,0.8490186700620103,8998.624258100228
35,10807,108,READY FOR IT,07,LUNGES,8,1,5:04,304.0,64.0,0.0,4.75,2900.0,1.644556257316955,1763.3936127738582
36,12708,127,JSYK,08,SHOULDERS,8,1,6:09,369.0,118.0,0.0,3.1271186440677967,8100.0,0.9635278880917103,8406.606700343922
37,12408,124,HUNNID,08,SHOULDERS,8,1,4:42,282.0,90.0,0.0,3.1333333333333333,6050.0,0.9654427583300136,6266.554850403623
38,9403,94,BURNIN' UP,03,CHEST,7,5,5:34,334.0,114.0,80.0,2.9298245614035086,5860.0,1.0746824904236671,5452.773309528696
39,10808,108,BOOMSHAKALAK,08,SHOULDERS,7,4,5:40,340.0,86.0,12.0,3.953488372093023,5210.0,1.2181489528656777,4276.981060274731
40,11708,117,THE MOVEMENT,08,SHOULDERS,7,4,5:38,338.0,99.0,0.0,3.414141414141414,6955.0,1.051965352403432,6611.434477485277
41,9305,93,BANG BANG,05,TRICEPS,7,5,,,,,,,,
42,8503,85,UPRISING,03,CHEST,7,4,,,,,,,,
43,10406,104,BACK AGAIN,06,BICEPS,7,5,,,,,,,,
44,13108,131,TRACES OF YOU,08,SHOULDERS,7,4,,,,,,,,
45,9503,95,MARK RONSON FEAT. BRUNO MARS - UPTOWN FUNK,03,CHEST,7,4,6:06,366.0,89.0,26.0,4.112359550561798,4425.0,1.5084455436465414,2933.4834251311
46,9908,99,OLD SKOOL,08,SHOULDERS,7,3,5:30,330.0,111.0,0.0,2.972972972972973,6725.0,0.9160325194045557,7341.442424305439
47,10806,108,MAKE IT RAIN,06,BICEPS,7,5,4:54,294.0,67.0,15.0,4.388059701492537,3960.0,1.2895462991744815,3070.8474775469804
48,10003,100,BAD MAN,03,CHEST,7,4,,,,,,,,
49,12403,124,LONELY BOY,03,CHEST,7,3,4:53,293.0,102.0,0.0,2.872549019607843,4790.0,1.053673375165297,4546.000793887916
50,10904,109,THE ISLAND PT. 1 (DAWN) [SKRILLEX REMIX],04,BACK,6,5,5:48,348.0,80.0,0.0,4.35,3730.0,1.186722103940766,3143.1115908381016
51,13105,131,THESE WORDS,05,TRICEPS,7,5,,,,,,,,
52,10907,109,THE IN BETWEEN,07,LUNGES,7,5,5:40,340.0,152.0,72.0,2.236842105263158,9520.0,0.7744447749138015,12292.677681322868
53,10208,102,FEEL IT,08,SHOULDERS,7,3,,,,,,,,
54,10405,104,TOUCH,05,TRICEPS,7,4,,,,,,,,
55,11208,112,DO IT AGAIN,08,SHOULDERS,7,3,,,,,,,,
56,9807,98,MEMORIES,07,LUNGES,7,4,5:28,328.0,192.0,56.0,1.7083333333333333,11180.0,0.5914632153508347,18902.274410029753
57,9408,94,THIS IS HOW IT GOES,08,SHOULDERS,6,1,5:25,325.0,114.0,0.0,2.8508771929824563,7180.0,0.8784123641020561,8173.8375886132335
58,9904,99,WINTERBURN,04,BACK,6,4,6:15,375.0,88.0,0.0,4.261363636363637,3360.0,1.1625412460234779,2890.220034336867
59,10007,100,NO MONEY,07,LUNGES,7,4,,,,,,,,
60,10008,100,NRG,08,SHOULDERS,7,2,,,,,,,,
61,10403,104,YOUNG AND MENACE,03,CHEST,7,3,,,,,,,,
62,9306,93,CENTURIES,06,BICEPS,7,4,,,,,,,,
63,10204,102,BLAME,04,BACK,6,3,,,,,,,,
64,10905,109,I LIKE IT,05,TRICEPS,7,4,5:08,308.0,144.0,90.0,2.138888888888889,8900.0,0.7881220555241264,11292.667090862233
65,13106,131,DRAMA,06,BICEPS,6,3,,,,,,,,
66,10404,104,AIN'T GIVING UP (WIDE AWAKE REMIX),04,BACK,7,4,,,,,,,,
67,10307,103,ILYSM,07,LUNGES,7,4,,,,,,,,
68,12405,124,2 BE LOVED (AM I READY),05,TRICEPS,7,3,5:17,317.0,148.0,0.0,2.141891891891892,9480.0,0.7892285799966068,12011.729225569554
69,9905,99,SOMETHING IN THE WAY YOU MOVE,05,TRICEPS,6,3,6:11,371.0,112.0,64.0,3.3125,6440.0,1.2205656509253515,5276.242203864758
70,9506,95,FLO RIDA FEAT. SAGE THE GEMINI AND LOOKAS - GDFR,06,BICEPS,7,3,4:25,265.0,154.0,120.0,1.7207792207792207,9220.0,0.5056960540207377,18232.295717343888
71,10708,107,WE WANT YOUR SOUL (ROB _ JACK REMIX),08,SHOULDERS,7,2,5:33,333.0,126.0,16.0,2.642857142857143,8160.0,0.814317220171972,10020.664917630904
72,10504,105,STAY FOR IT,04,BACK,7,3,6:12,372.0,88.0,0.0,4.2272727272727275,4040.0,1.15324091605529,3503.1708845528938
73,10005,100,ME TOO,05,TRICEPS,7,3,,,,,,,,
74,10506,105,CHAMPION,06,BICEPS,7,3,4:55,295.0,48.0,10.0,6.145833333333333,2775.0,1.8061141300441912,1536.4477547895062
75,8508,85,THIS IS HOW WE ROCK,08,SHOULDERS,6,1,,,,,,,,
76,11904,119,1000 FACES,04,BACK,7,2,5:17,317.0,81.0,0.0,3.9135802469135803,3190.0,1.0676625711628291,2987.835376232828
77,11807,118,DURA,07,LUNGES,8,4,5:48,348.0,149.0,72.0,2.335570469798658,9430.0,0.8086267432657017,11661.746384884842
78,13107,131,HUMO,07,LUNGES,7,2,,,,,,,,
79,9208,92,THUMBS UP (FOR ROCK N ROLL) KILL,08,SHOULDERS,6,1,,,,,,,,
80,10805,108,SAY AMEN (SATURDAY NIGHT),05,TRICEPS,7,3,5:21,321.0,146.0,0.0,2.1986301369863015,9430.0,0.8101350714852166,11640.034275657303
81,9308,93,TWISTED,08,SHOULDERS,6,1,,,,,,,,
82,11803,118,THIS IS MY WORLD,03,CHEST,6,3,6:01,361.0,138.0,80.0,2.6159420289855073,7730.0,0.9595479304628917,8055.87689222674
83,12704,127,ANYWHERE,04,BACK,7,2,4:42,282.0,81.0,0.0,3.4814814814814814,3290.0,0.9497818456401194,3463.9533437098457
84,9907,99,WON'T STOP ROCKING,07,LUNGES,7,2,4:16,256.0,118.0,38.0,2.169491525423729,6510.0,0.7511264975435156,8666.982221090997
85,9808,98,REDLINER (STUDIO-X TRAP REMIX),08,SHOULDERS,6,1,5:27,327.0,145.0,0.0,2.2551724137931033,9710.0,0.6948637901113304,13973.961714776178
86,11004,110,FIRST TIME,04,BACK,7,2,,,,,,,,
87,13102,131,BLIND FAITH,02,SQUATS,7,2,,,,,,,,
88,11808,118,WINTER IS COMING,08,SHOULDERS,7,3,5:33,333.0,124.0,0.0,2.685483870967742,7800.0,0.8274513688844232,9426.535858555682
89,13103,131,TOXIC,03,CHEST,7,3,,,,,,,,
90,11605,116,TOO FAR GONE,05,TRICEPS,7,3,5:15,315.0,76.0,36.0,4.144736842105263,4950.0,1.5272221650108668,3241.1787318217575
91,12302,123,WATERCOLOUR,02,SQUATS,7,1,5:09,309.0,124.0,0.0,2.4919354838709675,6920.0,0.8462799001585843,8176.963672070271
92,11804,118,MULA,04,BACK,7,3,5:59,359.0,114.0,0.0,3.1491228070175437,5370.0,0.8591111823245312,6250.646145089368
93,11107,111,FACE MY FEARS,07,LUNGES,7,2,6:01,361.0,111.0,45.0,3.2522522522522523,6980.0,1.1260024824872845,6198.920613906215
94,12702,127,WHEN I'M GONE,02,SQUATS,7,1,5:41,341.0,160.0,72.0,2.13125,8560.0,0.7237884162278637,11826.66067607406
95,9903,99,IN THE DARK,03,CHEST,7,3,6:08,368.0,144.0,56.0,2.5555555555555554,7140.0,0.9373977012278294,7616.831138638201
96,10705,107,NO EXCUSES,05,TRICEPS,7,2,4:58,298.0,131.0,64.0,2.2748091603053435,8320.0,0.8382049580314095,9925.973260215707
97,10906,109,SHADOWBOXER,06,BICEPS,8,2,4:59,299.0,118.0,24.0,2.5338983050847457,7340.0,0.7446523985749564,9856.948039174495
98,12707,127,17 (EXTENDED MIX),07,LUNGES,7,2,6:09,369.0,136.0,48.0,2.713235294117647,8710.0,0.9393827537925021,9272.045888468514
99,12308,123,TAKE U THERE,08,SHOULDERS,7,1,4:57,297.0,92.0,0.0,3.2282608695652173,6360.0,0.9946918335708165,6393.940098179366
100,10304,103,I NEED YOU,04,BACK,6,3,,,,,,,,
101,8507,85,SPECTRUM,07,LUNGES,6,5,,,,,,,,
102,10503,105,THE MAN,03,CHEST,6,5,5:25,325.0,104.0,48.0,3.125,5810.0,1.1462743629144654,5068.594559881594
103,9504,95,BLASTERJAXX & DBSTF FEAT. RYDER - BEAUTIFUL WORLD,04,BACK,6,3,5:23,323.0,81.0,0.0,3.9876543209876543,3755.0,1.087870695538151,3451.6969851297135
104,9505,95,IRRESISTIBLE,05,TRICEPS,6,5,4:18,258.0,126.0,16.0,2.0476190476190474,7890.0,0.7544916153069559,10457.372673107902
105,11602,116,THE SQUAT SONG,02,SQUATS,6,5,5:12,312.0,125.0,60.0,2.496,7110.0,0.847660240189911,8387.79461734228
106,10004,100,CREATION,04,BACK,6,3,,,,,,,,
107,12404,124,WON'T MAKE A SOUND,04,BACK,6,3,6:27,387.0,104.0,0.0,3.7211538461538463,4180.0,1.0151667865275784,4117.5499981612575
108,9205,92,WALK OF SHAME,05,TRICEPS,6,3,,,,,,,,
109,9407,94,WE MAKE IT BOUNCE,07,LUNGES,6,1,4:13,253.0,133.0,111.0,1.9022556390977443,7995.0,0.6586034556409808,12139.322883173954
110,9602,96,BLOW YOUR MIND,02,SQUATS,6,3,6:12,372.0,122.0,0.0,3.0491803278688523,6980.0,1.035524410698583,6740.546072971055
111,10702,107,DREAMER (MATISSE _ SADKO REMIX),02,SQUATS,6,4,6:13,373.0,116.0,24.0,3.2155172413793105,6360.0,1.0920136687349304,5824.1029229678925
112,9405,94,LIPS ARE MOVIN',05,TRICEPS,6,3,4:42,282.0,129.0,0.0,2.186046511627907,8750.0,0.8054983497111579,10862.840380911575
113,10206,102,ALL THE WAY UP (REMIX),06,BICEPS,6,5,,,,,,,,
114,10903,109,SATISFIED,03,CHEST,6,5,5:22,322.0,104.0,24.0,3.0961538461538463,5380.0,1.135693368795255,4737.194165100313
115,13104,131,SELECTA,04,BACK,6,3,,,,,,,,
116,9604,96,THE THRILL,04,BACK,6,2,5:29,329.0,107.0,0.0,3.074766355140187,4935.0,0.8388260225513203,5883.2223456659285
117,10205,102,DRUM,05,TRICEPS,6,3,,,,,,,,
118,9606,96,WOBBLE,06,BICEPS,6,4,4:30,270.0,147.0,97.0,1.836734693877551,8335.0,0.5397726075261783,15441.687636206629
119,11704,117,THE WOLF AND CAGE,04,BACK,6,2,5:30,330.0,104.0,0.0,3.173076923076923,4820.0,0.8656460970390204,5568.095341141162
120,11202,112,STARRY EYES,02,SQUATS,6,4,,,,,,,,
121,12303,123,CLAP SNAP,03,CHEST,5,5,5:33,333.0,136.0,72.0,2.448529411764706,7480.0,0.8981396772953342,8328.325970995224
122,8504,85,THE RHYTHM OF THE NIGHT,04,BACK,6,1,,,,,,,,
123,10006,100,WHO'S WITH ME,06,BICEPS,6,4,,,,,,,,
124,10306,103,LET ME LOVE YOU,06,BICEPS,6,3,,,,,,,,
125,10203,102,SWEET LOVIN',03,CHEST,6,4,,,,,,,,
126,10305,103,COME GET IT BAE,05,TRICEPS,6,3,,,,,,,,
127,12406,124,FANCY (GTA REMIX),06,BICEPS,6,3,4:17,257.0,91.0,48.0,2.8241758241758244,5975.0,0.8299580520851236,7199.159023746879
128,9204,92,PROMISES,04,BACK,6,1,,,,,,,,
129,10505,105,WHAT ABOUT US,05,TRICEPS,6,3,5:34,334.0,79.0,15.0,4.227848101265823,4060.0,1.5578463908634057,2606.1619578229565
130,10207,102,LOST & FOUND,07,LUNGES,6,1,,,,,,,,
131,10303,103,BELIEVER,03,CHEST,6,4,,,,,,,,
132,11203,112,KILLER QUEEN,03,CHEST,5,4,,,,,,,,
133,11205,112,HUSTLE,05,TRICEPS,6,3,,,,,,,,
134,10302,103,HERE COMES THE SUN,02,SQUATS,6,3,,,,,,,,
135,12706,127,MAMBO SALENTINO,06,BICEPS,6,3,5:15,315.0,108.0,64.0,2.9166666666666665,6450.0,0.8571389091735144,7525.034660040497
136,10802,108,PUMP IT UP,02,SQUATS,6,3,5:43,343.0,86.0,12.0,3.988372093023256,4680.0,1.3544809480524163,3455.1981013312056
137,9304,93,HERE TONIGHT,04,BACK,6,1,,,,,,,,
138,10707,107,GOING MAD,07,LUNGES,6,1,5:41,341.0,60.0,12.0,5.683333333333334,3700.0,1.967697135947655,1880.3706792092562
139,9603,96,IMMORTALS,03,CHEST,6,3,6:08,368.0,209.0,152.0,1.7607655502392345,11725.0,0.6458625309895094,18154.017979702938
140,11102,111,CHASE THE SUN [EXTENDED MIX],02,SQUATS,6,3,5:44,344.0,77.0,0.0,4.467532467532467,3825.0,1.5172073896173066,2521.0792052395686
141,11103,111,YOUNGBLOOD,03,CHEST,6,3,5:38,338.0,137.0,72.0,2.4671532846715327,6330.0,0.9049710590717415,6994.698821079305
142,10606,106,WALK ON WATER,06,BICEPS,6,2,5:10,310.0,60.0,0.0,5.166666666666667,3020.0,1.518360353393083,1988.9876558296585
143,11802,118,TELL ME YOU LOVE ME (MATRIX & FUTUREBOUND REMIX),02,SQUATS,6,3,5:02,302.0,142.0,112.0,2.1267605633802815,7740.0,0.7222637700245833,10716.306592170002
144,12703,127,GOKU,03,CHEST,6,3,5:23,323.0,129.0,42.0,2.503875968992248,6365.0,0.9184412259754973,6930.220268846914
145,12705,127,MIC DROP,05,TRICEPS,7,2,6:03,363.0,115.0,12.0,3.1565217391304348,5875.0,1.163091927903928,5051.191448458989
146,9302,93,BOOYAH,02,SQUATS,6,1,,,,,,,,
147,11607,116,DHOL LIFE,07,LUNGES,6,1,4:53,293.0,168.0,144.0,1.744047619047619,9820.0,0.6038282999923156,16262.90122560498
148,11608,116,RARI,08,SHOULDERS,6,4,5:39,339.0,85.0,0.0,3.988235294117647,5080.0,1.2288551754964003,4133.928961928257
149,9404,94,TODAY (SCOOTER REMIX),04,BACK,6,1,5:29,329.0,81.0,0.0,4.061728395061729,3205.0,1.1080788199134726,2892.3935214737444
150,11707,117,I WANT IT,07,LUNGES,6,1,5:04,304.0,216.0,192.0,1.4074074074074074,12330.0,0.48727592809391257,25303.938259851086
151,9802,98,TECHNO (EXTENDED MIX),02,SQUATS,6,1,5:29,329.0,128.0,0.0,2.5703125,7270.0,0.8728973201575043,8328.585541639894
152,9605,96,HALLELUJAH,05,TRICEPS,6,2,4:16,256.0,94.0,0.0,2.723404255319149,5690.0,1.003499981170261,5670.154565787276
153,11106,111,WALK ME HOME,06,BICEPS,6,2,4:38,278.0,64.0,28.0,4.34375,3490.0,1.2765247325905555,2733.9854143816383
154,11908,119,SINGULARITY,08,SHOULDERS,7,3,5:11,311.0,74.0,0.0,4.202702702702703,4550.0,1.2949368797037129,3513.6847759259585
155,9203,92,CONQUISTADOR,03,CHEST,5,1,,,,,,,,
156,11805,118,FEELING ALIVE,05,TRICEPS,6,2,5:20,320.0,122.0,0.0,2.622950819672131,6920.0,0.9664856376025054,7159.961546004935
157,12307,123,THE WAY WE DO THIS,07,LUNGES,6,1,5:51,351.0,164.0,116.0,2.1402439024390243,9520.0,0.7410003161980118,12847.497891561014
158,9804,98,CHASED (RADIO EDIT),04,BACK,6,1,5:30,330.0,94.0,0.0,3.5106382978723403,3925.0,0.9577361073623204,4098.206144498148
159,9406,94,GET'EM UP,06,BICEPS,6,1,,,,,,,,
160,10603,106,LITTLE THING GONE WILD,03,CHEST,6,2,5:30,330.0,122.0,0.0,2.7049180327868854,6840.0,0.9921850223259635,6893.875482987132
161,12305,123,MEDICINE,05,TRICEPS,6,2,5:04,304.0,90.0,40.0,3.3777777777777778,5780.0,1.244618726645893,4643.992474367188
162,11806,118,DRIP,06,BICEPS,6,1,4:28,268.0,68.0,12.0,3.9411764705882355,4180.0,1.1582179545806819,3608.99257645623
163,10804,108,THERAPY (EXTENDED CLUB MIX),04,BACK,6,1,6:15,375.0,65.0,0.0,5.769230769230769,2885.0,1.5739019946164008,1833.0239175426843
164,10602,106,I AM HERE,02,SQUATS,5,4,5:21,321.0,122.0,48.0,2.6311475409836067,6380.0,0.8935573543931321,7140.000547959271
165,10002,100,KRAKEN,02,SQUATS,5,3,,,,,,,,
166,11907,119,GIRL WITH THE BAT,07,LUNGES,5,5,5:54,354.0,115.0,64.0,3.0782608695652174,6940.0,1.065762773620507,6511.768070509816
167,10202,102,FIND ME,02,SQUATS,5,3,,,,,,,,
168,9303,93,KINGS AND QUEENS,03,CHEST,5,2,,,,,,,,
169,10402,104,BLACK ROSE,02,SQUATS,6,4,,,,,,,,
170,9207,92,STAY THE NIGHT,07,LUNGES,5,4,,,,,,,,
171,10902,109,NATURAL,02,SQUATS,5,3,6:25,385.0,146.0,96.0,2.636986301369863,7330.0,0.8955402410243122,8185.003491988256
172,9902,99,POWER GLOVE,02,SQUATS,5,3,6:00,360.0,106.0,0.0,3.3962264150943398,6260.0,1.153383853669146,5427.507919488972
173,11705,117,HOW YOU LIKE THAT,05,TRICEPS,5,4,4:48,288.0,80.0,0.0,3.6,4340.0,1.3265015376094387,3271.7640175686133
174,10502,105,DO OR DIE,02,SQUATS,5,2,5:40,340.0,94.0,0.0,3.617021276595745,5140.0,1.2283674375365254,4184.415707329561
175,8502,85,ANTIDOTE,02,SQUATS,5,1,,,,,,,,
176,9202,92,WHAT NOW,02,SQUATS,5,1,,,,,,,,
177,9402,94,EVERYBODY GO!,02,SQUATS,5,1,5:36,336.0,96.0,0.0,3.5,5320.0,1.1886261380868144,4475.755521044616
178,11003,110,HEADS UP,03,CHEST,5,3,,,,,,,,
179,10704,107,BOOM,04,BACK,5,5,5:38,338.0,104.0,0.0,3.25,3690.0,0.8866314569672391,4161.819401966408
180,10703,107,DANGEROUS NIGHT,03,CHEST,5,2,5:29,329.0,126.0,36.0,2.611111111111111,6770.0,0.9577759121240866,7068.459244277694
181,9502,95,AUTOEROTIQUE & 4B - BUKEM,02,SQUATS,5,1,5:13,313.0,89.0,0.0,3.5168539325842696,4735.0,1.1943498594580189,3964.499985078647
182,11002,110,WILD WILD SON (CLUB MIX),02,SQUATS,5,1,,,,,,,,
183,10803,108,GREAT WIDE OPEN,03,CHEST,5,1,,,,,,,,
184,11604,116,LACRIMOSA,04,BACK,5,3,5:27,327.0,117.0,0.0,2.7948717948717947,6930.0,0.7624680773919452,9088.905103679044
185,11905,119,WHAT'S UP DANGER,05,TRICEPS,5,3,5:23,323.0,99.0,52.0,3.2626262626262625,5245.0,1.2021885427829648,4362.876381984367
186,11709,117,LEVITATING,09,CORE,5,5,3:28,208.0,86.0,18.0,2.4186046511627906,2070.0,0.594357792651964,3482.750669026935
187,9805,98,TWO MINDS,05,TRICEPS,6,2,,,,,,,,
188,11906,119,BOOM! SHAKE THE ROOM,06,BICEPS,5,4,4:48,288.0,114.0,44.0,2.526315789473684,6930.0,0.742424077720217,9334.287785062346
189,9507,95,CALVIN HARRIS & R3HAB - BURNIN',07,LUNGES,5,1,6:02,362.0,154.0,84.0,2.3506493506493507,8440.0,0.813847389130195,10370.494656277398
190,11909,119,NOBODY LIKE YOU,09,CORE,5,5,5:18,318.0,124.0,64.0,2.564516129032258,3515.0,0.630214675614373,5577.464530754311
191,12306,123,BAD GIRLS,06,BICEPS,5,1,5:15,315.0,89.0,0.0,3.539325842696629,5925.0,1.0401236201206692,5696.438274627986
192,12409,124,NOW IS WHEN I NEED YOU,09,CORE,5,5,5:12,312.0,70.0,0.0,4.457142857142857,1880.0,1.0953165036014765,1716.398861715705
193,11209,112,NO NEW FRIENDS,09,CORE,3,5,,,,,,,,
194,8505,85,LET IT ROLL,05,TRICEPS,4,4,,,,,,,,
195,13109,131,SWISH SWISH,09,CORE,5,3,,,,,,,,
196,9309,93,ALL ABOUT THAT BASS,09,CORE,3,3,,,,,,,,
197,10309,103,I LOVE YOU,09,CORE,3,4,,,,,,,,
198,10409,104,NO VACANCY,09,CORE,4,4,,,,,,,,
199,11603,116,WHOPPA,03,CHEST,4,3,5:12,312.0,87.0,16.0,3.586206896551724,4200.0,1.3154486481997727,3192.8270295825037
200,11706,117,FRENCH TOAST,06,BICEPS,4,5,4:46,286.0,62.0,24.0,4.612903225806452,3570.0,1.355622459116821,2633.4765819133972
201,10401,104,MORE THAN YOU KNOW,01,WARMUP,2,5,,,,,,,,
202,10609,106,REVENGE,09,CORE,4,4,3:50,230.0,64.0,30.0,3.59375,985.0,0.8831428139014309,1115.3348977031224
203,11701,117,HEAVEN ON MY MIND,01,WARMUP,2,5,4:52,292.0,120.0,0.0,2.433333333333333,4360.0,0.6820598026005499,6392.401345712269
204,8509,85,ONE MORE NIGHT,09,CORE,3,3,,,,,,,,
205,9509,95,MAROON 5 - SUGAR,09,CORE,2,4,3:59,239.0,42.0,16.0,5.690476190476191,760.0,1.3984008779954749,543.4779196430534
206,11201,112,SO CLOSE,01,WARMUP,2,5,,,,,,,,
207,9609,96,WANT TO WANT ME,09,CORE,3,4,3:32,212.0,46.0,24.0,4.608695652173913,580.0,1.1325597069011923,512.1142810094698
208,12401,124,DRIVE AWAY,01,WARMUP,2,5,5:13,313.0,77.0,0.0,4.064935064935065,3715.0,1.139395400537122,3260.501137926933
209,10809,108,LET YOU BE RIGHT,09,CORE,3,3,3:57,237.0,54.0,30.0,4.388888888888889,810.0,1.0785434944651293,751.0128280934046
210,10301,103,PLACES,01,WARMUP,3,4,,,,,,,,
211,12309,123,MONEY MONEY,09,CORE,3,4,4:02,242.0,50.0,4.0,4.84,1230.0,1.1894013827569878,1034.133655662066
212,12709,127,GUERRILLA,09,CORE,3,4,4:35,275.0,104.0,16.0,2.644230769230769,2040.0,0.6498040771181096,3139.407818195646
213,10509,105,SWEAT,09,CORE,3,3,3:09,189.0,56.0,48.0,3.375,1020.0,0.8293862947943873,1229.8250000054168
214,11109,111,FOOLISH,09,CORE,3,3,3:24,204.0,96.0,64.0,2.125,2350.0,0.5222061856112808,4500.138192061344
215,9809,98,MY HOUSE,09,CORE,2,3,4:08,248.0,50.0,16.0,4.96,960.0,1.2188906732385663,787.601399434209
216,9301,93,BREAK FREE,01,WARMUP,3,4,,,,,,,,
217,10009,100,WHEREVER I GO,09,CORE,2,3,,,,,,,,
218,11606,116,AS GOOD AS IT GETS,06,BICEPS,3,2,4:45,285.0,99.0,60.0,2.878787878787879,5600.0,0.8460072350284039,6619.328734005431
219,9901,99,MAD WORLD (RADIO EDIT),01,WARMUP,2,4,5:29,329.0,83.0,0.0,3.963855421686747,4275.0,1.1110629231997735,3847.6668699269862
220,11609,116,KADUNGDUNG,09,CORE,2,3,2:50,170.0,36.0,0.0,4.722222222222222,660.0,1.1604581902472908,568.7408693796677
221,10901,109,JACKIE CHAN,01,WARMUP,2,4,5:38,338.0,92.0,0.0,3.6739130434782608,4280.0,1.0297924952902882,4156.177112937215
222,11809,118,ROTATE,09,CORE,2,3,3:24,204.0,48.0,0.0,4.25,1120.0,1.0444123712225617,1072.3733564061074
223,11601,116,OTHERSIDE,01,WARMUP,2,4,5:00,300.0,85.0,0.0,3.5294117647058822,4270.0,0.9892889965197339,4316.231167051927
224,11801,118,BAD AT BEING ALONE (JAY HARDAWAY REMIX),01,WARMUP,2,4,4:33,273.0,141.0,0.0,1.9361702127659575,8100.0,0.5427057012822796,14925.21633891389
225,10209,102,STARBOY,09,CORE,3,2,,,,,,,,
226,12301,123,RUN (GALANTIS & MISHA K VIP MIX),01,WARMUP,2,4,4:33,273.0,73.0,0.0,3.73972602739726,3810.0,1.0482397791890605,3634.6645830856496
227,9401,94,HEROES (WE COULD BE),01,WARMUP,2,4,5:31,331.0,186.0,0.0,1.7795698924731183,9460.0,0.49881085872908093,18965.104376643107
228,10909,109,COMPLICATED,09,CORE,3,2,3:44,224.0,64.0,0.0,3.5,1420.0,0.8601043057126979,1650.9625525282802
229,9601,96,FIVE MORE HOURS,01,WARMUP,3,3,5:29,329.0,80.0,0.0,4.1125,4120.0,1.152727782819765,3574.1309105275404
230,9209,92,SOMETHING I NEED,09,CORE,2,2,,,,,,,,
231,9801,98,STRONG ONES,01,WARMUP,3,3,5:06,306.0,82.0,0.0,3.731707317073171,4260.0,1.0459921463202553,4072.688322743582
232,11009,110,TAKI TAKI,09,CORE,2,2,,,,,,,,
233,10001,100,THIS IS WHAT YOU CAME FOR,01,WARMUP,3,2,,,,,,,,
234,10501,105,ALL STARS,01,WARMUP,3,3,5:21,321.0,78.0,0.0,4.115384615384615,3470.0,1.1535363363265358,3008.1410448242127
235,11001,110,I NEED,01,WARMUP,3,3,,,,,,,,
236,9501,95,CALVIN HARRIS FEAT. ELLIE GOULDING - OUTSIDE,01,WARMUP,2,3,4:48,288.0,81.0,0.0,3.5555555555555554,4190.0,0.9966170631606208,4204.222619580731
237,10601,106,STILL THE ONE,01,WARMUP,2,2,5:06,306.0,78.0,12.0,3.923076923076923,3670.0,1.0996327692084735,3337.477840571905
238,11101,111,SPEECHLESS [NICOLAS HAELG REMIX],01,WARMUP,2,3,5:14,314.0,88.0,0.0,3.5681818181818183,4280.0,1.0001561862542312,4279.331627222531
239,10201,102,USED TO HAVE IT ALL,01,WARMUP,3,3,,,,,,,,
240,9409,94,BABY DON'T LIE,09,CORE,3,1,5:40,340.0,50.0,18.0,6.8,670.0,1.6710597939560987,400.9431633884442
241,9201,92,YOU MAKE ME,01,WARMUP,2,2,,,,,,,,
242,10701,107,LULLABY,01,WARMUP,2,2,5:13,313.0,82.0,0.0,3.817073170731707,4090.0,1.0699200712360781,3822.715462543688
243,10709,107,2 DA MOON,09,CORE,3,1,2:54,174.0,62.0,44.0,2.806451612903226,900.0,0.6896688902949744,1304.9740428556465
244,11901,119,IMAGINE,01,WARMUP,2,2,4:53,293.0,84.0,0.0,3.488095238095238,4490.0,0.9777080340604751,4592.373023010544
245,9909,99,WORK,09,CORE,2,1,5:14,314.0,54.0,28.0,5.814814814814815,910.0,1.4289563597554875,636.8284054215011
246,12701,127,DON'T FORGET MY LOVE,01,WARMUP,2,2,5:37,337.0,98.0,0.0,3.438775510204082,5460.0,0.9638837858948225,5664.583303402291
247,10801,108,PANIC ROOM,01,WARMUP,2,2,5:33,333.0,79.0,0.0,4.215189873417722,3435.0,1.181511605337176,2907.292644848572
248,13101,131,MAZE,01,WARMUP,2,2,,,,,,,,
249,8501,85,HEARTBREAK ON HOLD,01,WARMUP,2,1,,,,,,,,
250,11710,117,DIAMONDS,10,COOLDOWN,1,5,,,,,,,,
251,10310,103,1 NIGHT,10,COOLDOWN,1,5,,,,,,,,
252,12410,124,LOL,10,COOLDOWN,1,5,,,,,,,,
253,9810,98,BIRD SET FREE,10,COOLDOWN,1,4,,,,,,,,
254,10010,100,JUST LIKE FIRE,10,COOLDOWN,1,4,,,,,,,,
255,11010,110,WANT TO,10,COOLDOWN,1,4,,,,,,,,
256,10610,106,STARGAZING,10,COOLDOWN,1,4,,,,,,,,
257,10210,102,CAPSIZE,10,COOLDOWN,1,4,,,,,,,,
258,10810,108,REMIND ME TO FORGET,10,COOLDOWN,1,4,,,,,,,,
259,10510,105,BREAK MY HABITS,10,COOLDOWN,1,3,,,,,,,,
260,11110,111,IMAGINE,10,COOLDOWN,1,3,,,,,,,,
261,11610,116,MY OASIS,10,COOLDOWN,1,3,,,,,,,,
262,11810,118,BEAUTIFUL MISTAKES,10,COOLDOWN,1,3,,,,,,,,
263,12310,123,SUNDAY,10,COOLDOWN,1,3,,,,,,,,
264,9410,94,ONLY LOVE CAN HURT LIKE THIS,10,COOLDOWN,1,2,,,,,,,,
265,9610,96,ADORE,10,COOLDOWN,1,2,,,,,,,,
266,9910,99,TORCHES,10,COOLDOWN,1,2,,,,,,,,
267,12710,127,6 FT.,10,COOLDOWN,1,2,,,,,,,,
268,11210,112,MIRACLE,10,COOLDOWN,1,2,,,,,,,,
269,8510,85,FOREVER,10,COOLDOWN,1,2,,,,,,,,
270,9210,92,HOW YOU REMIND ME,10,COOLDOWN,1,1,,,,,,,,
271,9510,95,NEEDTOBREATHE FEAT. GAVIN DEGRAW - BROTHER,10,COOLDOWN,1,1,,,,,,,,
272,10410,104,QUIT,10,COOLDOWN,1,1,,,,,,,,
273,10710,107,MISS YOU (NVOY REMIX),10,COOLDOWN,1,1,,,,,,,,
274,10910,109,DEEP END,10,COOLDOWN,1,1,,,,,,,,
275,11910,119,BE SOMEBODY,10,COOLDOWN,1,1,,,,,,,,
276,9310,93,WHAT ARE YOU WAITING FOR?,10,COOLDOWN,1,1,,,,,,,,
277,9411,94,I BET MY LIFE,11,ALTERNATIVE,0,0,,,,,,,,
278,8511,85,UNDEFEATED,11,ALTERNATIVE,0,0,,,,,,,,
279,93111,93,FIGHT ON,11,ALTERNATIVE,0,0,,,,,,,,
280,93112,93,ANIMAL,11,ALTERNATIVE,0,0,,,,,,,,
281,12411,124,WAY DOWN,11,ALTERNATIVE,0,0,,,,,,,,
282,12412,124,MILLION DAYS,11,ALTERNATIVE,0,0,,,,,,,,
283,13110,131,ESPRESSO,10,COOLDOWN,1,3,,,,,,,,
284,13111,131,OTT,11,ALTERNATIVE,0,0,,,,,,,,
285,13112,131,TMWYD,11,ALTERNATIVE,0,0,,,,,,,,
286,13113,131,RUN,11,ALTERNATIVE,0,0,,,,,,,,
287,13114,131,BOOM BUGGY,11,ALTERNATIVE,0,0,,,,,,,,
288,12001,120,REMEMBER,01,WARMUP,0,0,4:56,296.0,63.0,0.0,4.698412698412699,2975.0,1.3169582620336777,2258.9933832875886
289,12002,120,ALIVE,02,SQUATS,0,0,6:04,364.0,140.0,0.0,2.6,7020.0,0.8829794168644907,7950.355201855568
290,12003,120,GO HARD OR GO HOME,03,CHEST,0,0,4:58,298.0,253.0,0.0,1.1778656126482214,14900.0,0.4320502895159029,34486.72610934927
291,12004,120,PEACE (KAIVON REMIX),04,BACK,0,0,5:06,306.0,93.0,0.0,3.2903225806451615,4965.0,0.8976318472521925,5531.220862092549
292,12005,120,BY YOUR SIDE,05,TRICEPS,0,0,4:55,295.0,307.0,240.0,0.9609120521172638,15110.0,0.3540698096224977,42675.200170582146
293,12006,120,JUNGLE,06,BICEPS,0,0,4:58,298.0,119.0,40.0,2.504201680672269,7260.0,0.7359252675160834,9865.132127483766
294,12007,120,YOUR BODY,07,LUNGES,0,0,4:59,299.0,60.0,0.0,4.983333333333333,3740.0,1.72534147697463,2167.686831802163
295,12008,120,COME & GO,08,SHOULDERS,0,0,4:52,292.0,112.0,0.0,2.607142857142857,7800.0,0.8033129334128913,9709.790139767252
296,12009,120,GOLD (KYND REMIX),09,CORE,0,0,4:53,293.0,78.0,12.0,3.7564102564102564,2120.0,0.9231156101605146,2296.5704150874094
297,12010,120,Y R U FAR AWAY,10,COOLDOWN,0,0,,,,,,,,
298,12011,120,JUST FEELS TIGHT,11,ALTERNATIVE,0,0,,,,,,,,
299,12012,120,MAKE YOU CRY,11,ALTERNATIVE,0,0,,,,,,,,
300,12013,120,INDUSTRY BABY,11,ALTERNATIVE,0,0,,,,,,,,
